Timothée,Stachnick,5af3372635a136.63092427.jpg,
yo,p,5af337ab3753d0.78355692.jpg,
timothee,stachnick,5af3382d189337.79941832.jpg,
jgguihh,jbjb,5af49bc30ac745.25924791.jpg,
